created,subreddit,title,comment,compound,sentiment
2024-07-10 13:48:08,europe,Volkswagen shares slip as it considers Brussels plant closure on weak EV demand,evs are great and all. but we really need a affordable range that goes the distance.,0.3716,positive
2024-07-10 14:19:52,europe,Volkswagen shares slip as it considers Brussels plant closure on weak EV demand,">electricity is much cheaper than diesel

i don't know the situation outside my country enough to tell but here in italy this is not true, electricity costs so much here that we still use gas boilers for heating instead of heat pumps, diesel costs less than petrol for example.

[source for my claims](https://worldpopulationreview.com/country-rankings/cost-of-electricity-by-country)",-0.4585,negative
2024-07-10 14:33:36,europe,Volkswagen shares slip as it considers Brussels plant closure on weak EV demand,"despite this, you can do the same route with 20-25€ of electricity instead of 80-100€ of petrol. today petrol price is 1,960€/l in milan area",0.0,neutral
2024-07-10 14:38:42,europe,Volkswagen shares slip as it considers Brussels plant closure on weak EV demand,"i'm from austria.

where i live, i don't even have the option to charge anywhere and no, i don't live in a house.

evs are quite literally useless for me, lots of autobahn and long distances, no charging. but if i would live in a city with short commuting? why not honestly",-0.7058,negative
2024-07-10 15:24:52,europe,Volkswagen shares slip as it considers Brussels plant closure on weak EV demand,"i live in the country side, so there are none what i know off or seen. 

how is long distance not valid anymore? what kind of dumb ""argument"" is that? it's like saying, you dont need rear brakes coz you dont use them!",-0.6422,negative
2024-07-10 15:36:38,europe,Volkswagen shares slip as it considers Brussels plant closure on weak EV demand,"we are talking audi here. audi never has been and never will be economy brand. you can't afford an audi? you aren't target market. even if they could, they wouldn't drop price below certain point. since that would mean compromising exclusivity. audi has to cost audi money or to put it crash ""well heeled customers think *they let just any plebeian own a new audi these days*"". then there is porsche and so on, to whom audi owners are the plebeians and so on.

when the vw id line is expensive, then it's real ""well that is expensive for the **vw** badging"". if skoda is really expensive or say seat... that is a problem. those are the stables ""budget"" offerings. audi's, audi is the luxury offering. where frankly **high selling price is part of the product appeal and actual feature of the product**. since not all, but some of the customers buy audi (or richer ones porsche and so on) simply as show of wealth. big gold chain? tacky. expensive audi to drive around? less tacky (maybe?).

the real issue here is, audi's (and porsche's) plans got delayed due to the cariad debacle (which lead to whole vw groups ceo getting sacked for not making sure stuff stayed on schedule, as is one of his main jobs). as the article notes, the line up is old, because stuff got delayed. more stale line up, specially on luxury/premium category. less sales. since these are people who buy new cars and well want the newest thing and have the money for it.

audi could be making audi's for 1000 euros a piece and it still would cost 50 000€, since that is minimum price of that size/category audi. if they can make them cheaper, it just means more margin for the company, not lower prices for customer. since as said ""the high price is a feature, not a bug"".",0.8887,positive
2024-07-10 15:45:56,europe,Volkswagen shares slip as it considers Brussels plant closure on weak EV demand,"i'mnot claiming you said that there areno charging parks. and i also would love to have better public transport.  


all i'm saying is that ""i sometimes drive long distances"" really isn't a valid argument of not getting an ev anymore.",0.8485,positive
2024-07-10 15:47:10,europe,Volkswagen shares slip as it considers Brussels plant closure on weak EV demand,"""that"" and ""direct current fast charging"". i can, at least with preconditioned batteries, fast charge around 3-350 km while on a fast shopping trip. 

i do have a charger at home, but so far i've charged less than 50% of my usage at that.",-0.3809,negative
2024-07-10 15:52:01,europe,Volkswagen shares slip as it considers Brussels plant closure on weak EV demand,"ahhh okay. 

i mean its nice that you have that option, but i live in an apartment and ofc we are not allowed to modify anything like that. we are not even allowed to put out those balcony solar panels.",0.6808,positive
2024-07-10 15:53:54,europe,Volkswagen shares slip as it considers Brussels plant closure on weak EV demand,"don’t disagree with your point, but a petrol audi costed like €50? 60k?

this one is a peg above that. people buying luxury stuff have a budget too.",0.4234,positive
2024-07-10 15:55:11,europe,Volkswagen shares slip as it considers Brussels plant closure on weak EV demand,"the base mg4 has less range than the id3 according to the website. you'll have to scroll to full specification to see that because mg makes some bogus ""city driving"" numbers their main numbers.  


it also charges significantly slower than the id3 and according to forums their software is an even bigger mess than what vw offers.


for me the more annoying fact is that they lock basic features like a heating steering wheel in the trophy model and that they don't offer a ski hatch. but those are more personal grievances. it is however surprising that the pricing is so different between the uk and germany",-0.552,negative
2024-07-10 16:13:25,europe,Volkswagen shares slip as it considers Brussels plant closure on weak EV demand,"the mileage is measured by a predefined cycle. there isn't really a way to cheat there.


in germany quite a few owners lost heating in the winter because of a software problem.  
does the current version finally use regenerative breaking when using adaptive cruise control? because the zs ev doesn't which is a pretty stupid design flaw.",-0.802,negative
2024-07-10 18:27:24,europe,Volkswagen shares slip as it considers Brussels plant closure on weak EV demand,ah that makes sense. since then vw brought the id3 to a much more realistic price point.,0.0,neutral
2024-07-10 18:36:35,europe,Volkswagen shares slip as it considers Brussels plant closure on weak EV demand,"make them cheaper. make them less ""bulky"". give the drivers sh\*t they actually need instead of ""luxury"". 

propose good ""buybacks"". 

selling 10 thousand cars for one million is less useful that selling a million cars for 10 thousand euros.",0.6712,positive
2024-07-10 19:14:53,europe,Volkswagen shares slip as it considers Brussels plant closure on weak EV demand,this is for enyaq with 80kwh battery pack. range will fall drastically when you start driving faster than 80km/h where it was tested.,0.0,neutral
2024-07-10 20:26:22,europe,Volkswagen shares slip as it considers Brussels plant closure on weak EV demand,the stock closed green in europe though after that brief dip.,0.0,neutral
2024-07-10 23:15:07,europe,Volkswagen shares slip as it considers Brussels plant closure on weak EV demand,"i dont mind the interiors that much in the id3/4 other than the overabundance of piano black plastic everywhere, this is a car why does every single place i would put my hands and fingers have piano black gloss plastic on it? its impossible to look nice after being used at all without mandating the wearing of white cotton gloves.",0.4215,positive
2024-07-11 06:15:47,europe,Volkswagen shares slip as it considers Brussels plant closure on weak EV demand,hyundai and kia offer 800v.,-0.6369,negative
2024-07-11 07:46:36,europe,Volkswagen shares slip as it considers Brussels plant closure on weak EV demand,"read something the other day outlining the power needed to charge a fleet of 200 large commercial vehicles. huge. infrastructure?

car taxes.  uk. high petrol diesel taxes and cars are taxed too.

very many billions.

no duty on electricity for charging obviously plus low or no tax on evs.

well they'll have to find the money somehow.  higher income tax? supposing you don't drive. happy?",-0.7097,negative
2024-07-11 08:03:15,europe,Volkswagen shares slip as it considers Brussels plant closure on weak EV demand,what happened to vw producing cheap economy cars for europe? the same model should be applied to evs and they should see their sales go up,0.0,neutral
2024-07-11 08:36:30,europe,Volkswagen shares slip as it considers Brussels plant closure on weak EV demand,yeah and that is still a €65000 car,0.296,positive
2024-07-11 10:05:19,europe,Volkswagen shares slip as it considers Brussels plant closure on weak EV demand,what reasons?,0.0,neutral
2024-07-11 12:43:16,europe,Volkswagen shares slip as it considers Brussels plant closure on weak EV demand,"the reason that the plant closed probably had little to do with the reasons people here complain about.

1st the plant made audi q8 e-trons a luxury suv most people can not afford it so cost is irrelevant.

2nd the closure probably was because audi launched the q6 e-tron in china which is a better car all around.

also can people here who have no idea about cars or how they work stop posting dumb shit about them already.",-0.8555,negative
2024-09-02 18:27:47,europe,"VW Weighs First-Ever Germany Plant Closures to Deepen Cost Cuts | Volkswagen is considering factory closures in Germany, the first in its 87-year history",the price of new cars is too high hence low sales and low income.,-0.4939,negative
2024-09-02 19:15:56,europe,"VW Weighs First-Ever Germany Plant Closures to Deepen Cost Cuts | Volkswagen is considering factory closures in Germany, the first in its 87-year history","absolute bs, vw has made 8.5bn profit. it is just not enough for shareholders!",0.4926,positive
2024-09-02 20:54:05,europe,"VW Weighs First-Ever Germany Plant Closures to Deepen Cost Cuts | Volkswagen is considering factory closures in Germany, the first in its 87-year history","auto industry in germany flourished. look at the state of db, look at huge import fees for china cars. it's vw, they destroyed themselves",-0.2263,negative
2024-09-02 21:51:42,europe,"VW Weighs First-Ever Germany Plant Closures to Deepen Cost Cuts | Volkswagen is considering factory closures in Germany, the first in its 87-year history","why the hell is everything goes down after i came to germany? afd rises, factories closing, immigrants starts stabbing... am i cursed or what?",-0.7149,negative
2024-09-02 22:09:20,europe,Volkswagen says considering factory closures in Germany,biggest market for them is china and they are losing ground there because they ignored electric vehicles for too long. karma. even in germany there cars are way too expensive for the quality they provide.,-0.5994,negative
2024-09-02 22:11:46,europe,Volkswagen says considering factory closures in Germany,"much of the polish economy is exposed to the german car making industry - as much of the ice cars supply chain was moved out to poland once they joined the single market.

if vw close factories, that will dampen demand upstream for components and machinery.",-0.2023,negative
2024-09-02 22:25:30,europe,Volkswagen says considering factory closures in Germany,they were earning from china and they lost it. they will lose like nokia. europe is losing to china.,-0.6249,negative
2024-09-02 22:27:31,europe,Volkswagen says considering factory closures in Germany,and energy,0.2732,positive
2024-09-02 22:42:04,europe,Volkswagen says considering factory closures in Germany,certainly not from germany 🤣,0.6808,positive
2024-09-02 22:44:03,europe,Volkswagen says considering factory closures in Germany,just wait until china places counter-tariffs on eu vehicles after the eu placed tariffs on chinese vehicles. it's going to suck for all of them.,-0.4404,negative
2024-09-02 22:56:25,europe,Volkswagen says considering factory closures in Germany,"if cars were going to become so expensive, companies  can't say that they didn't invest into electric cars due to them being too expensive. fiat (in italy) used this justification, but if we look at nowadays' prices, they have almost doubled compared to 15 years ago despite being fake hybrid.",0.5157,positive
2024-09-02 23:14:48,europe,Volkswagen says considering factory closures in Germany,">which is a fairly meaningless point when you're comparing two countries with a significant population difference.

i only compared them because the commenter i originally replied to had a ""sweden"" flair, not to make any important point.

>it's not everything, but it is a still a significant chunk of change flowing into poland. to and try and dismiss that is absurd.

dismissing that it is significant was not my intention, i don't know where i could have been clearer with my comments but i tried to underline how important it is in every comment in this thread. what i am trying to rebut is the claim that poland ""runs on handouts"", that's it.",0.6652,positive
2024-09-02 23:17:03,europe,Volkswagen says considering factory closures in Germany,"volkswagen had dieselgate, stopped any electric innovation and now want to close factories. surprise pikachu.


fire the c-suit managers",0.1779,positive
2024-09-02 23:33:20,europe,Volkswagen says considering factory closures in Germany,and american cars have tiny market share in europe. does that mean no one buys american cars? no. on a global scale vw has the second largest market share after toyota.,0.296,positive
2024-09-02 23:49:07,europe,Volkswagen says considering factory closures in Germany,"vegetable head hurry bag middle teeny automatic waiting treatment grey

 *this post was mass deleted and anonymized with [redact](https://redact.dev/home)*",0.0516,positive
2024-09-02 23:52:34,europe,Volkswagen says considering factory closures in Germany,"wow, i wish a vw california was 48k new lol, more like 2x that price",0.902,positive
2024-09-03 00:03:07,europe,Volkswagen says considering factory closures in Germany,"this list is ass, how fucking huyndai can be in the top with their disposable time bomb engines.",-0.7096,negative
2024-09-03 00:15:53,europe,Volkswagen says considering factory closures in Germany,not saying you aren’t right but i suspect people who own german cars are more likely to put their car in for an engine rebuild vs those who own asian cars as well.,-0.0387,neutral
2024-09-03 01:05:14,europe,Volkswagen says considering factory closures in Germany,"you know why fax machines are still used? they are harder to hack/access than email with a man in the middle attack. 

thats why doctors around the world still use fax. the us still uses fax quite a lot too.",-0.4767,negative
2024-09-03 01:55:46,worldnews,"Volkswagen warns of plant closures in Germany, citing ‘extremely tense’ situation",lolol,0.0,neutral
2024-09-03 02:07:26,europe,Volkswagen says considering factory closures in Germany,"european cars have always been expensive in australia. they have routinely been considered ""luxury"" or ""premium"". i think the bigger issue is that the cheaper cars from japan, korea, china etc have all caught up on premium features whilst still being cheaper.",0.0,neutral
2024-09-03 02:07:45,worldnews,"Volkswagen warns of plant closures in Germany, citing ‘extremely tense’ situation",maybe shouldn't have invested $5 billion in rivian,0.0,neutral
2024-09-03 02:15:14,worldnews,"Volkswagen warns of plant closures in Germany, citing ‘extremely tense’ situation",yeah but they looked good. modern cars all look the same and have no soul. all driving around with the same surprised expression. also they could make it safer and less rust prone then it was back then. there are plenty of vans on the market now,0.8271,positive
2024-09-03 02:25:05,worldnews,"Volkswagen warns of plant closures in Germany, citing ‘extremely tense’ situation","bring the id3 to the states, give us the short wheel base bus. nope just endless tiguans and id4s.",0.0,neutral
2024-09-03 02:44:49,europe,Volkswagen says considering factory closures in Germany,so basically 80s merc is like a 2015 toyota camry,0.3612,positive
2024-09-03 04:09:51,europe,Volkswagen says considering factory closures in Germany,you just described 90% of volkswagens,0.0,neutral
2024-09-03 04:18:01,europe,Volkswagen says considering factory closures in Germany,"same thing has been happening for years at the shipping port of los angeles. the workers refuse to allow any automation, so now the port is so inefficient that shipping companies are routing to other ports because it's quicker and cheaper, despite the longer route.",-0.0772,negative
2024-09-03 05:45:28,europe,Volkswagen says considering factory closures in Germany,"ferrari and lamborghini might last, but the area is not only about that, tons of companies focused on designing / manufacturing engine parts, those will be wiped out together with stellantis",0.5267,positive
2024-09-03 06:40:36,europe,Volkswagen says considering factory closures in Germany,"imagine your company does billions in profit, but it is still not satisfactory because some profit margin is not high enough or some arbitrary number for growth targets is too low. man, capitalism is fucked.",-0.4147,negative
2024-09-03 06:42:55,europe,Volkswagen says considering factory closures in Germany,because stellantis is moving fiat production there for some reason,0.0,neutral
2024-09-03 06:52:07,worldnews,"Volkswagen warns of plant closures in Germany, citing ‘extremely tense’ situation",i drive a tiguan as a company car and fucking hate it. one more year and then i can get rid of it.,-0.6115,negative
2024-09-03 07:11:32,europe,Volkswagen says considering factory closures in Germany,"stellantis has a well know “secret” plan of delocalizing everything to poland; they are simply executing now. 

but i see what you mean… 

however, while activity will be reduced for those, the increase given by the luxury more than offsets those, so i think the motor valley for now will be fine…

just my 2 cents


ps - buongiorno comunque, alle 6 mi hai fatto svegliare 😂",0.81,positive
2024-09-03 07:38:56,europe,Volkswagen says considering factory closures in Germany,"the swan song of the german industry... now the country will have to deeply reform and reverse many of its past decisions.
i honestly don't see that happening tho 😥",0.5187,positive
2024-09-03 07:57:49,europe,Volkswagen says considering factory closures in Germany,i work for another big company and can honestly say that the stuff we did outsource to china / moved manufacturing to china has deteriorated in quality.,0.4588,positive
2024-09-03 08:01:26,europe,Volkswagen says considering factory closures in Germany,"same happens here (germany). business as usual. in our case, i would say not enough considered how much us and china are pampering their industries.",0.0,neutral
2024-09-03 08:05:29,europe,Volkswagen says considering factory closures in Germany,it looks great until you see you can get an equivalent from hyundai/kia for £10-15k less.,0.6249,positive
2024-09-03 08:11:21,europe,Volkswagen says considering factory closures in Germany,"the upper middle class buys the bulk of the new cars. this is why the average new car is roughly in that ballpark. 

most people buy used. with cars lasting ever longer, the ratio of new buyers goes down, as each car goes through more hands.",0.0,neutral
2024-09-03 08:20:20,europe,Volkswagen says considering factory closures in Germany,"because it's a vw, it shouldn't be for upper-middle class. that's what audi is for. what's the ""for the people"" variant vw group has now?",0.0,neutral
2024-09-03 08:32:10,europe,"VW Weighs First-Ever Germany Plant Closures to Deepen Cost Cuts | Volkswagen is considering factory closures in Germany, the first in its 87-year history",">>how many 15 yo skodas and seats are out there vs vws…?

what do you mean by that exactly? out there where?",0.0,neutral
2024-09-03 08:32:46,europe,Volkswagen says considering factory closures in Germany,"skoda, sort of. though i feel they've been getting steep too",0.0,neutral
2024-09-03 08:33:00,europe,Volkswagen says considering factory closures in Germany,mazdas got pricey after redesign which makes them same car but looking half a segment more expensive.,0.0,neutral
2024-09-03 08:42:53,europe,Volkswagen says considering factory closures in Germany,"thanks for the tip, will check it out.",0.4404,positive
2024-09-03 08:49:49,europe,Volkswagen says considering factory closures in Germany,"people will buy these chinese cars massively, and in a few years will wonder where all the non-chinese brands have gone. just like photovoltaic panels or smartphones",0.3612,positive
2024-09-03 09:05:17,europe,Volkswagen says considering factory closures in Germany,"we have failed in infrastructure as a whole the last 30 years. in the 90s there wers thoughts about putting fiber everywhere, it was scrapped in favor of copper (a good friend of our chancellor at the tome had a big copper factory)

we didnt invest in our streets and now they are crumbling, near me there a 5 bridges that cant be crossed by heavy vehicles anymore and another one that is not suitable for any kind of traffic anymore. the big exception here is bavaria where our traffic ministers came from for most of the last 30 years.

our schools are underfunded with classes getting bigger and bigger while the builduings decay more and more.

every election cycle for the last 30 years there was a large amount of money put towards retirees and those that will retire shortly. its gotten so bad that in the 2030s due to changes in demography halve of germanys budget will go towards retirees. (in addition to the normal pension fund). no party seemed interested or able to change anything aout it.


tldr: germany is fucked",-0.7683,negative
2024-09-03 09:28:25,europe,Volkswagen says considering factory closures in Germany,"can we just assume it is a mixture? regardless, i think many of the local loyal customers of old are now looking towards germany.",0.4767,positive
2024-09-03 09:58:07,europe,Volkswagen says considering factory closures in Germany,"the “business climate” index is one of the most ridiculed
surveys in the country, the haruspex of our time if you will.
i wouldn’t jump to shorting the entire economy based on that.

from a more holistic perspective i’m hearing voices that are
not entirely negative about the contraction of the car industry
and vw in particular.
carmakers have had a stranglehold on the country’s economy
for a long time and it could be cathartic to lose one of the big
players.
it certainly will force capital to seek alternatives instead of piling
investments on the automotive supply chain as they did before. 
nor have people forgotten their criminal doings in the diesel
emissions affair so the sentiment is that in a way it serves them right.",-0.3843,negative
2024-09-03 10:17:49,europe,Volkswagen says considering factory closures in Germany,"the french built their entire nuclear power grid out for a very reasonable cost.

early american reactors were far cheaper inflation adjusted.

the real question is, why have we regulated safe cheap nuclear out of existence ?",0.4404,positive
2024-09-03 11:06:47,europe,Volkswagen says considering factory closures in Germany,plenty of people see a specced out golf as premium under the small hatchbacks,0.0,neutral
2024-09-03 11:38:51,europe,Volkswagen says considering factory closures in Germany,can we define upper middle class? i am re-evaluating what upper-middle class means.,0.0,neutral
2024-09-03 11:43:06,europe,Volkswagen says considering factory closures in Germany,"yeah, even nissan messed up. they made a past gen car to compete with the current gen ones in the ariya, and had to dump the price so hard, and still no one wants to buy one. they were practically giving them away here in denmark.

bmw makes some great ev's, vw group are catching up, their midsized offering sold the same as tesla's model y in europe last year, (enyac, q4, id.4, id.5)",0.1615,positive
2024-09-03 11:46:19,europe,Volkswagen says considering factory closures in Germany,"can you give an example of a hyundai at half the price with the same internal equipment, where its in the same class?",0.0,neutral
2024-09-03 12:03:49,europe,Volkswagen says considering factory closures in Germany,"in a nutshell: state thinks they can play better the entrepreneur game than actual entrepreneurs. 

basic economics: no",0.4767,positive
2024-09-03 12:04:29,europe,Volkswagen says considering factory closures in Germany,"exactly.

their politicians completely sold out any germans and europeans interests, and gambled on our safety, for their own personal gains. schröder even got a position on the board of rosneft.",0.7351,positive
2024-09-03 15:02:58,europe,Volkswagen says considering factory closures in Germany,"not true. check dacia for europe, but they are also getting a bit too expensibe.",-0.1695,negative
2024-09-03 15:25:23,europe,Volkswagen says considering factory closures in Germany,"the new golf doesn't have a 1.0 anymore, the base engine is a 1.5. of course the mazda 3 is a 2.0. but that's somewhat of a problem of mazda, they should know their market, portugal isn't the only country where displacement is taxed.",-0.4861,negative
2024-09-08 19:05:36,Volkswagen,VOLKSWAGEN FACES TOUGH CHOICES: PLANT CLOSURES AND JOB CUTS LOOM,"i have several vws and audis, and i’m not looking for any new ones. the older i get, the older my cars get and i’m loving it.",0.5994,positive
2024-09-08 19:51:28,Volkswagen,VOLKSWAGEN FACES TOUGH CHOICES: PLANT CLOSURES AND JOB CUTS LOOM,right.  but they just scooped up all those arteons. ugh. 😣,-0.5719,negative
2024-09-09 00:42:04,Volkswagen,VOLKSWAGEN FACES TOUGH CHOICES: PLANT CLOSURES AND JOB CUTS LOOM,atlas is selling like hotcakes.,0.3612,positive
2024-09-09 03:33:25,Volkswagen,VOLKSWAGEN FACES TOUGH CHOICES: PLANT CLOSURES AND JOB CUTS LOOM,that's an absolutely insane price for an electric minivan.,-0.4576,negative
2024-10-28 12:40:42,europe,"Volkswagen plans major layoffs, to shut at least three German plants, works council head says",volkswagen should be forced to pay back every single cent in subsidies they received from the government if they leave.,-0.5574,negative
2024-10-28 13:06:13,electricvehicles,"VW plans major layoffs, to shut at least three German plants, works council head says","and vw is doing fine as well, btw. they had 22 billion profit in 2023 and will have 18+ billion profit this year. both are the best and second best results ever for the company. this is more about ensuring future profits to be even higher.",0.9697,positive
2024-10-28 13:14:35,electricvehicles,"VW plans major layoffs, to shut at least three German plants, works council head says","remember that not all plants make complete vehicles. a few of their plants in germany make ices - not the cars, but the engines. transmissions too.",0.0,neutral
2024-10-28 13:32:54,electricvehicles,"VW plans major layoffs, to shut at least three German plants, works council head says","those billions aren't going where they are supposed to, thus the bureaucracy.

they're supposed to go back into r&d or employee salary.  posting record profits year on year on year to ""make line go up"" is finally bearing the hard truth:

if you're only working to make your bottom line go up.... you aren't actually making money or products. you're selling stock.

you can only sell empty stock for so long before the stuff that made the stock good goes bad.

you must reinvest, innovate, and expand or die.  such is the way of a corporation.

the coming recession is going to teach a lot of hard truths about this stupid philosophy that was adopted in the business world of ""line must go up""",-0.2023,negative
2024-10-28 13:44:02,europe,"Volkswagen plans major layoffs, to shut at least three German plants, works council head says","i don't understand why volkswagen stubbornly opposed the idea of investing in evs, especially in the chinese market.

the chinese government had a large range of incentives to encourage evs: 

* the chinese state-owned banks would give you billions of dollars in loans to build factories (preferential rates, too!)
* free money (subsidies) from the state, the provincial governments and a market-based subsidy (tax on the ice cars) for each car built
* all kinds of tax exemptions
* basically a guaranteed market, since the government policy of switching completely to evs is known well in advance (5 year plans)

elon musk's tesla used all these and made almost a million cars last year in china.",0.8356,positive
2024-10-28 13:44:12,europe,"Volkswagen plans major layoffs, to shut at least three German plants, works council head says","so effectively german population is held hostage by vw. not really great perspective there.

i would argue that vw should give control over some shares as a return of subsidies they expect from government. i know this is not currently legal (at least i believe government should not hold shares of private company) but otherwise there will be no incentive for vw to improve and in couple years they might just do the same thing.",0.0765,positive
2024-10-28 13:53:16,europe,"Volkswagen plans major layoffs, to shut at least three German plants, works council head says","people will just get cars from a region without this. then all jobs would be lost.



the battery in today's cars will likely last multiple decades. you can probably buy a ev today and keep it until you die without much repairs. 


people already import lights from dubai because they are built different and last nearly forever :d",-0.4404,negative
2024-10-28 14:00:45,europe,"Volkswagen plans major layoffs, to shut at least three German plants, works council head says","mining is maximally location dependent(a mine is tied to its deposit)

car manufacturing is not.",0.0,neutral
2024-10-28 14:11:23,electricvehicles,"VW plans major layoffs, to shut at least three German plants, works council head says","so the best software is out there, just where nobody can see it?",0.6682,positive
2024-10-28 14:16:06,europe,"Volkswagen targets layoffs and 10% pay cuts amid plans for German plant closures, union says","imho, from a blank moral standpoint, the entire company should no longer exist since the emission scandal. 
but that's obviously overcomplicated, as many employees have literally 0 to do with that.
but something has to change. if the government bails them out once more, nothing will change and we'll be at the exact same point in at most 5 years.",-0.3716,negative
2024-10-28 14:52:41,europe,"Volkswagen plans major layoffs, to shut at least three German plants, works council head says","i mean it doesn't exactly work like that. plants closing doesn't mean vw will stop operating in germany. the entire ""brain"" of vw will still be there, the r&d will be there, and the cars that need their parts manufactured will still be german. the majority of vw cars today is already manufactured outside germany (not just the chinese ones, but the ones in poland, romania, slovakia etc.). 

i feel italy and eastern europe will be the hardest hit if anything, as northern italy is basically one big large component producer for german brands and if german brands keep switching to ev they will need fewer and fewer components. if you have the r&d centers in your country you can move skilled workforce easily, if you only have production...it'll just go.",0.237,positive
2024-10-28 14:53:46,europe,"Volkswagen plans major layoffs, to shut at least three German plants, works council head says","if you work at a vw plant in germany you'll hardly have much trouble changing fields, as you're most likely a highly qualified engineer. you might not even need to leave vw or the car sector itself.

the real trouble will be for the workers in manufacturing plants in italy, spain, and eastern europe.",-0.6527,negative
2024-10-28 15:09:43,Volkswagen,"Volkswagen to Close “At Least Three” German Plants, Cut Tens of Thousands of Jobs",what actually happened here? what did the german auto industry get so wrong? what other extraneous factors are there?,-0.6738,negative
2024-10-28 15:52:27,europe,"Volkswagen plans major layoffs, to shut at least three German plants, works council head says",a lot of that is not happening with northvolt facing imminent bankruptcy.,0.0,neutral
2024-10-28 15:59:56,europe,"Volkswagen plans major layoffs, to shut at least three German plants, works council head says","our disel cars can outlast any electric car, but that's not profitable. electric cars will be made to break down on purpose just like normal cars. and anyway they're not the future.",0.0364,neutral
2024-10-28 16:04:10,europe,"Volkswagen targets layoffs and 10% pay cuts amid plans for German plant closures, union says","no it won't be. they'd love for you to think that so they can push a bailout through, though.",-0.7156,negative
2024-10-28 16:18:19,electricvehicles,"VW plans major layoffs, to shut at least three German plants, works council head says",yikes,0.0,neutral
2024-10-28 16:20:26,europe,"Volkswagen plans major layoffs, to shut at least three German plants, works council head says",what i mean is that vw is selling them to škoda.  of course manufacturers are around the world.   this is a part of the problem at the moment...,-0.4019,negative
2024-10-28 16:22:17,europe,"Volkswagen plans major layoffs, to shut at least three German plants, works council head says","then tell me, how vw selling them to skoda results in the same car being cheaper?

thats what im talking about. there is very little difference between skoda, seat, vw and some audi cars. their only difference often is the logo. while audi does still feels premium, there is just nothing that justifies overpaying for vw logo over skoda logo.",0.0,neutral
2024-10-28 16:23:00,europe,"Volkswagen plans major layoffs, to shut at least three German plants, works council head says",congrats on fucking up the atmosphere.,0.5267,positive
2024-10-28 16:24:32,europe,"Volkswagen plans major layoffs, to shut at least three German plants, works council head says",are layoffs necessary because of high wages and employee benefits compared to other markets?,0.3818,positive
2024-10-28 16:25:17,europe,"Volkswagen plans major layoffs, to shut at least three German plants, works council head says","two assumptions 

> you're most likely a highly qualified engineer

why? plenty of technicians. actually i would guess more than engineers.

> the real trouble will be for the workers in manufacturing plants in italy, spain, and eastern europe.

 vw+contractors is like 8% of catalonia economy.  and they haven't announced layoffs in spain. the opposite, the new electric suvs will be produced in navarra. eastern europe is quite low unemployment.  

btw: [ebro/chery in a joint-venture  is going to take over the former nissan factory in barcelona.](https://ebro.es/tpost/u8thgsu9z1-ebro-y-chery-formalizan-su-alianza-para). to sell chinese cars with a spanish brand. it was announced in april and actually officialized in may, they are already adapting the factory.",-0.6976,negative
2024-10-28 16:38:38,europe,"Volkswagen plans major layoffs, to shut at least three German plants, works council head says","congrats on kneecapping an economy to contribute slighly less to the 0.08% of the world's co2 output that european traffic represents.

anything to feel morally better?",0.743,positive
2024-10-28 16:55:41,europe,"Volkswagen targets layoffs and 10% pay cuts amid plans for German plant closures, union says",">imo this is all avoidable if the people who own he biggest chunks would settle for less profit margins

you guise are funny.",0.6712,positive
2024-10-28 16:59:35,europe,"Volkswagen plans major layoffs, to shut at least three German plants, works council head says","a shitstorm is coming, you say? i only watch dw in english. i will have a summary.",0.0,neutral
2024-10-28 17:02:40,europe,"Volkswagen plans major layoffs, to shut at least three German plants, works council head says","i was kinda counting zombie jobs thanks to 'overpowered' unions and populist politicians as uncompetitive labour too. but yes, you're right.",0.6705,positive
2024-10-28 17:07:28,europe,"Volkswagen plans major layoffs, to shut at least three German plants, works council head says","being a quasi-chinese and russian ally certainly has served germany well, lol.",0.743,positive
2024-10-28 17:36:27,europe,"Volkswagen targets layoffs and 10% pay cuts amid plans for German plant closures, union says","as someone who worked on one of their largest it systems for the past 4 years, you have no idea how right you are.",-0.296,negative
2024-10-28 17:46:57,worldnews,"Volkswagen plans major layoffs, to shut at least three German plants, works council head says","china's ""innovation"" comes from human exploitation by forcing them to work 80 hours per week with maybe one day off (if they're lucky) in unsafe conditions , that is not ""innovation"" that's theft and it's not sustainable.  
  
another form of ""innovation"" is from stealing technology but almost always being multiple steps behind the people making it, which are a part of unions. again theft but in a more direct fashion. 

china has made little to no innovation in anything, they're just thieves.",-0.7711,negative
2024-10-28 18:07:59,Volkswagen,"Volkswagen to Close “At Least Three” German Plants, Cut Tens of Thousands of Jobs","it’s not actually a big deal. vw is a lot quicker to adapt at this level than many other manufacturers. (they certainly aren’t quick to adapt at the product level, which is likely why this is happening). 

you could call this a “recalibration” of their assembly supply chain. 

another company might have waited another year, flushing money down the drain in the process, vw are trying to get ahead of it.",0.34,positive
2024-10-28 18:20:25,electricvehicles,"VW plans major layoffs, to shut at least three German plants, works council head says","byd employs that many people across 6 division, each a world leader on their own

byd auto - just surpassed vw in sales  
byd electronics - builds phones for apple, huawei and samsung  
byd semiconductor - builds chips including almost all semiconductors used in byd's own vehicles  
byd transportation - builds literal monorails.  
findreams (batteries) - world's 2nd largest battery maker

and then there's r&d, a single byd r&d campus employs \~30,000 phd and masters researchers at higher wage than eu average.

overall china employs 2x more robots per worker than germany, it literally takes less workers to build a car in china than germany, just look at tesla's shanghai vs berlin

in china you can fill stadiums with robotic technicians, in germany you can barely fill a room with them. it has nothing to do with labour cost, it has everything to do with labour quality and germany's lack therof.",-0.3182,negative
2024-10-28 18:55:30,Volkswagen,"Volkswagen to Close “At Least Three” German Plants, Cut Tens of Thousands of Jobs","i was under the impression that 10 years ago, they thought the diesel motor will be there forever. then two years later something very strange happened...",-0.0498,neutral
2024-10-28 19:13:54,europe,"Volkswagen plans major layoffs, to shut at least three German plants, works council head says",how does germany get the subsidies to vw and not breach eu state aid rules or is that only for the piigs.,0.0,neutral
2024-10-28 19:20:17,europe,"Volkswagen plans major layoffs, to shut at least three German plants, works council head says","pretty much.

also infrastructure, construction, it, social work, healthcare, space etc.

until 2024 more or less every single company in norrbotten were lacking workers. you could find a new job within a day (without an education).

now it's bit cooler, but still lacking a lot of people with education or experience. when it turns up again it will be mayhem.",0.2732,positive
2024-10-28 19:21:39,europe,"Volkswagen plans major layoffs, to shut at least three German plants, works council head says","almost all.

mining, infrastructure (electric high demand), chemistry, it, healthcare, social work, transport, construction, space.",-0.128,negative
2024-10-28 20:06:38,electricvehicles,"VW plans major layoffs, to shut at least three German plants, works council head says","is there a reason you're comparing volvo's q4 2023 against tesla's q3 2024?

i'm not familiar with ""longport"", but they appear to have pulled that 20% number out of thin air or are grossly misrepresenting it. they source [volvo's press release](https://www.media.volvocars.com/global/en-gb/media/pressreleases/322892/volvo-cars-2023-profit-increases-by-43-percent-to-deliver-a-record-year-in-the-companys-97-year-hist) which states:

>during the second half of 2023, volvo cars also saw gross profit margins on its electric cars increase fourfold versus the end of 2022 **to 13 per cent.**

your source appears to have confused or misrepresented the following quote:

>the ex30 **is set to** deliver gross margins of **15-20 per cent**

try to avoid being rude or wrong, but at the very least don't be both.

*edit: that article was written by ai, lol.*

>*i'm portai, i can summarize articles.*

*better luck next time skynet; you'll get there someday.*",-0.6956,negative
2024-10-28 20:32:22,Volkswagen,"Volkswagen to Close “At Least Three” German Plants, Cut Tens of Thousands of Jobs","they got wrong that decreasing quality, rising prices and cutting wages is a sustainable system.

they are still learning. 

they will be learning until they are dead, and once they are dead, their soul will still be clueless.

and they like to talk about empathy. but only talk, not show. they don't know how to do that.",-0.765,negative
2024-10-28 21:08:09,europe,"Volkswagen plans major layoffs, to shut at least three German plants, works council head says",what subsidies are there for ice cars?,0.0,neutral
2024-10-28 21:16:06,europe,"Volkswagen targets layoffs and 10% pay cuts amid plans for German plant closures, union says",audi is produced by vw group,0.0,neutral
2024-10-28 21:48:39,europe,"Volkswagen targets layoffs and 10% pay cuts amid plans for German plant closures, union says",i just wish the people who cheated and those who are paying would be the same people ...,-0.1531,negative
2024-10-28 23:38:48,europe,"Volkswagen plans major layoffs, to shut at least three German plants, works council head says","i'm not a german, or a european, but this is a weird take, both from a macro and micro perspective. germany in 2022 had net exports slightly more than $2k per capita, which means an amount of capital equal to slightly more than $2k/capita is being injected into germany's economy. that is a non-trivial fraction of germany's gni/capita, and a massive chunk of that is from the automotive sector. cut a big chunk of that extra capital coming in and germany's economy slows down - which also means they *import* less. not only is germany the world's third largest exporter, it is the world's third largest importer. reduce the income germany gains from exports and the netherlands, poland, italy, france, etc. will all see effects because their exports to germany will be impacted.

if germany's automotive sector tanks, there will be many job losses not just in germany's manufacturing sector, but there will be knock-on effects all through germany's economy. people without jobs **buy fewer services**.  when automotive manufacturing jobs evaporate in an area, the services jobs evaporate, too. just ask [detroit](https://www.reddit.com/r/urbanhell/comments/9y4mi9/detroit_ruins/).

eta: just watched local news about how local businesses in renton (where a large boeing factory is located) are suffering because of the boeing strike: https://www.youtube.com/watch?v=keiuv5iljm8",-0.8765,negative
2024-10-28 23:57:43,worldnews,"Volkswagen plans major layoffs, to shut at least three German plants, works council head says","a friend of mine is a ""lean sensei,"" an expert in lean auto manufacturing. in june & july he did a tour of vw plants in germany. 

he wrote on linked in how  shocked he was at the decline of manufacturing processes, quality, safety & cleanliness at several vw plants. 

and i'm guessing this decline is part of the cause of these sad events. times are x going to be tough for those laid off.",0.0258,neutral
2024-10-29 00:05:30,electricvehicles,"VW plans major layoffs, to shut at least three German plants, works council head says",how many times are you going to post the same thing? stop spamming.,-0.6486,negative
2024-10-29 00:50:15,electricvehicles,"VW plans major layoffs, to shut at least three German plants, works council head says","after driving both the born and id3, the born feels better and handles batter than the id3 even though they are pretty much the same. the software is slow and clunky doesn't flow well at all and looks like it's a kids tablet.

the main things with competition is that the software is far ahead of vw, polestar/kia/hyundai/tesla etc just a few.

but i really do hope they step it up as it means others around them will have too as well.",0.8485,positive
2024-10-29 01:32:33,europe,"Volkswagen plans major layoffs, to shut at least three German plants, works council head says","i have friends who work for vw and the vw sister companies. the stories i hear of how technologically incompetent their bureaucracy is, astounds me. shared online file? total mystery. anything that is not in german? ignored.

as someone who’s owned and loved a vw, let’s be honest and realize the reason vw isn’t selling is because their core brand isn’t making quality compelling cars. being managerially inept doesn’t help that.",0.956,positive
2024-10-29 02:44:22,Volkswagen,"Volkswagen to Close “At Least Three” German Plants, Cut Tens of Thousands of Jobs",china went full ev and they got caught with their pants down from complacency ,0.0,neutral
2024-10-29 05:18:16,Volkswagen,"Volkswagen to Close “At Least Three” German Plants, Cut Tens of Thousands of Jobs",what happened to the argument that we need these companies because they provide jobs??,-0.4329,negative
2024-10-29 06:00:07,worldnews,"Volkswagen plans major layoffs, to shut at least three German plants, works council head says","i have a more nuanced view on the ‘inefficient uncompetitive industry’ part, yes the western industry and goverments have have been sleeping but.

the chinese government have a active policy of sending students to western universities and companies to steal tech. in the company where i work we had a chinese intern working with complex control and simulation code for complex machinery, now he is back in china as a principal engineer at a chinese competitor. he has been giving keynote speeches in china presenting their superior technology, that is remarkable the same as he were working on in the west.

they encourage western companies working in areas where they are clearly behind to set up subsidiaries in china, in order to gain access to the chinese market. those companies have to be majority owned by the chinese state, and they gladly pay for this.

at the same time they demand 90% local contents, ie 90% of the value of the product have to come from china. the resultat was that the company that i work for set up produktion in china 20 years ago, and we also forced our subsuppliers to set up produktion in china. suddenly there were chinese manufakturers  of the same kind of produkt popping up near our factories. the first two three generations of their product was of a really bad quality, and the first generation did not work at all. despite this they were ramping up production on a world scale, and they did not use rescues repairing the products. no western company in a normal economy would be allowed or be able to finance such an expansion. the chinese customers (the state) was in the start buying large quantities of a product that did not work at a high price. after a few years our factories was closed, we did not sell anything.

a few years later several of the chinese competitions set up r&d facilities in my area to gain more knowledge.   
the product contains rare earth metals, and at some point it was cheaper to by a chinese generator with the magnets installed, than the magnets. they have been/are controlling this market, and the domestic manufacturers have access to cheaper pricing.

as thier products got better i was wondering why they did not sell the product in europe, i asked around and was told that the chinese manufacturers could get more monney for their product in china than in europe.  
result is that the chinese manufactures are thriving, and the western are struggling.

if you are a top tier chinese company within an area that the chinese want to bet on, it does not matter if your design fail completely, they have the money for another attempt a few months later. 

now they are entering the eu/us market, and we are fucked.

if we don’t protect our industry then it will be gone forever, we don’t have the amount of money needed to rebuild e.g. the car industry once it is gone.",0.9404,positive
2024-10-29 06:16:36,europe,"Volkswagen plans major layoffs, to shut at least three German plants, works council head says","if oyu never push through a flu you can also never build resistance. thats precisely whats happening with vw. the germans are keeping it alive at all costs when it was even blatantly visible 20 years ago that its horribly mismanaged.

there was numbers released about 15 years ago when gm, vw and toyota were about on par per numbers and toyota made about 830€ clean profit per car sold and vw did about 336€. all of that because their insane marketing budget which involves buying reviews and stuff like that while keeping several badges under the vw grp that made massive losses. the death of seat was just the beginning.

if we cant allow vw to fail it will drag half of germany down with them.",-0.8926,negative
2024-10-29 06:54:39,Volkswagen,"Volkswagen to Close “At Least Three” German Plants, Cut Tens of Thousands of Jobs",yeah i know what you mean. that’s why i mentioned it.,0.296,positive
2024-10-29 07:13:42,Volkswagen,"Volkswagen to Close “At Least Three” German Plants, Cut Tens of Thousands of Jobs","this is what media is speculating. in reality, we don't know what are vws margins. it can be that they achieve higher margins in ice domain.

comparing to tesla doesn't make sense because vw offers much more than model 3/y. if you compare id7 to model s, vw is much cheaper than tesla",0.0,neutral
2024-10-29 07:44:48,europe,"Volkswagen plans major layoffs, to shut at least three German plants, works council head says","damn, i hope something can be done about that, german economy has already too much on its plate.",0.0516,positive
2024-10-29 10:10:43,europe,Volkswagen’s Factory Shutdowns & Layoffs Signal Trouble Ahead for Germany’s Economy,germans try to destroy industries in other eu countries with unfair preferential regulations and it backfires - shocking.,-0.8519,negative
2024-10-29 12:25:19,electricvehicles,"VW plans major layoffs, to shut at least three German plants, works council head says","it's... complicated.

vw's sw troubles were created before cariad even existed. some of the pleople who had worked on vw's e^3 1.1 sw stack went over to cariad and took their sw responsibilities with them. but cariad was immediately (i.e. one week after being founded) pivoted to largely (like 90%) work on saving audi's e^3 1.2 sw stack, since that was showing the early signs of being in even worse shape than what vw had come up with. audi had made most of the same mistakes vw had, plus a whole lot of new ones. 

vw had to fix it's sw stack, by now renamed to id.software, largely without involvement by cariad and the current id.s5.4 release is one of the best sw stacks in the industry. the sw in the ppe-based models by audi and porsche did have a lot of input from cariad, but at this point they seem to be in a pretty good state and i would argue that cariad's involvement improved the situation by a lot. 

cariad is a failure in so far that it was originally supposed to develop the future sw stack e^3 2.0 and that project just did not even start. cariad also is an incredibly bureaucratic mess, far worse than the already pain-inducing messes that vw and audi are. however, the blame cariad got for the delays is mostly scapegoating.",-0.6146,negative
2024-10-29 12:36:13,europe,"Volkswagen plans major layoffs, to shut at least three German plants, works council head says",german automotive companies already have factories all around the world. so this already happened. the difference is that they didn't close down the ones in germany. that's because one of the german federal states owns 20% of vw. add to this that the corporate board is made up to 50% of labour union(3)/people who the workers vote in(7). so if they work together with the state they have a majority.,0.0,neutral
2024-10-29 17:41:08,europe,"Volkswagen plans major layoffs, to shut at least three German plants, works council head says",yeah those were good times.,0.6249,positive
2024-10-29 17:55:06,europe,"Volkswagen plans major layoffs, to shut at least three German plants, works council head says",i get what you are saying but i think there is little room for them to maneuver within the wide range of existing offers from other manufacturers (including ones you listed). if they are to directly compete in any range the only way to do it competitively is for them to provide attractive pricing which is not possible considering the wage and benefits baggage they are currently carrying.,0.8047,positive
2024-10-29 19:55:34,europe,Volkswagen’s Factory Shutdowns & Layoffs Signal Trouble Ahead for Germany’s Economy,"a colleague wanted to open an etsy store during covid for a hobby that he was doing, it ended up being so complicated that he paid someone to do it for him...",0.0,neutral
2024-10-29 22:47:24,europe,Volkswagen’s Factory Shutdowns & Layoffs Signal Trouble Ahead for Germany’s Economy,does volvo still count as european?,0.0,neutral
2024-10-30 10:36:04,europe,"Volkswagen plans major layoffs, to shut at least three German plants, works council head says","lol. 2 seats. the reason vw is fcked is that it was gifted to oligarchs who would sell their mother if they could. the german state has lost control over the company, it has less than quarter of the votes. they don’t decide jack shit anymore. what you are seeing is the fruits of short term greed of a select few oligarchs that the chinese are more than happy to exploit. the porsche family and qataris could not care less if germany got their version of detroit.

edit: vw is not fcked, it will be fine. it is the people who work for vw who are fcked.

edit2: google volkswagen act",-0.4678,negative
2024-10-30 22:26:43,worldnews,VW labour chief sounds alarm on mass layoffs and three German plant closures,how? vws problem is selling not enough cars while having too much employees. not gas. our gas price is actually lower currently than before the blow up.,-0.5994,negative
2024-11-02 12:04:23,Volkswagen,"Volkswagen to Close “At Least Three” German Plants, Cut Tens of Thousands of Jobs","because of the communist ideas the leaders of germany have and also the leaders of the eu, vw is dying. it is ok. survival of the fittest. the problem is we are losing the economic fight with china,russia and the us based on the lowiq, our left leaders have.",-0.7845,negative
2024-11-02 14:22:05,worldnews,VW labour chief sounds alarm on mass layoffs and three German plant closures,"well they paid 4,5 billion to shareholders. its just corporate greed nothing else.",-0.1531,negative
2024-12-20 16:14:28,electricvehicles,"VW plans major layoffs, to shut at least three German plants, works council head says","great news for opening long positions on this absurdly low valuation <3. 

0.10 pb ratio and 0.15 ps ratio!",0.5093,positive
2024-12-20 21:42:42,worldnews,"Volkswagen to cut more than 35,000 jobs by 2030. Europe's top carmaker plans capacity reduction and job cuts amid a last gasp deal with trade unions to avert mass strikes. The agreement was nevertheless hailed as a ""Christmas miracle"" by union leaders.",one of the issues is that volkswagen lost big in china and outside europe in general mate. ,-0.3182,negative
2024-12-20 22:28:14,worldnews,The German union IG Metall said Friday it had reached a deal with Volkswagen to avoid involuntary redundancies and plant closures at the carmaker's production sites in Germany until 2030,"about audi sales, china: 729k, us: less than 229k, very big difference here.",0.0,neutral
2024-12-21 02:22:40,worldnews,The German union IG Metall said Friday it had reached a deal with Volkswagen to avoid involuntary redundancies and plant closures at the carmaker's production sites in Germany until 2030,what they mean by that is to mostly handle it by letting boomers reach retirement age (happening right now) and not replacing them with new hires.,0.0258,neutral
2024-12-22 17:55:34,worldnews,The German union IG Metall said Friday it had reached a deal with Volkswagen to avoid involuntary redundancies and plant closures at the carmaker's production sites in Germany until 2030,not many in the us because they focused on.... you guessed it,0.3818,positive
